IdJuego,IdUsuario,FechaAgregado
10,2,2019-12-08
68,2,2003-10-29
34,2,2019-10-25
20,2,2010-11-09
80,3,2003-10-29
51,3,2019-10-25
11,3,2010-11-09
17,4,2019-12-08
11,4,2003-10-29
35,4,2010-11-09
37,5,2003-10-29
83,5,2010-11-09
62,6,2019-12-08
77,6,2003-10-29
53,6,2019-10-25
46,6,2010-11-09
20,7,2019-12-08
73,7,2003-10-29
17,7,2019-10-25
24,7,2010-11-09
10,8,2003-10-29
53,8,2019-10-25
69,8,2010-11-09
22,9,2007-11-19
69,9,2003-10-29
73,9,2010-11-09
41,10,2019-12-08
28,10,2003-10-29
70,10,2019-10-25
86,10,2010-11-09
48,11,2003-10-29
18,11,2019-10-25
50,11,2010-11-09
62,12,2007-11-19
55,12,2019-12-08
23,12,2019-10-25
21,12,2010-11-09
62,14,2019-12-08
44,14,2003-10-29
70,14,2019-10-25
50,15,2007-11-19
40,15,2019-12-08
52,15,2003-10-29
9,15,2019-10-25
21,15,2010-11-09
87,16,2004-03-16
56,16,2007-11-19
60,16,2003-10-29
21,16,2019-10-25
34,16,2010-11-09
67,18,2007-11-19
48,18,2003-10-29
33,18,2019-10-25
87,18,2010-11-09
80,19,2003-10-29
53,19,2019-10-25
23,19,2010-11-09
42,20,2007-11-19
8,20,2019-12-08
51,20,2003-10-29
80,20,2019-10-25
5,20,2010-11-09
8,21,2007-11-19
22,21,2019-12-08
73,21,2003-10-29
17,21,2019-10-25
49,21,2010-11-09
28,22,2019-12-08
13,22,2003-10-29
17,22,2019-10-25
44,22,2010-11-09
11,23,2004-03-16
62,23,2007-11-19
81,23,2019-12-08
2,23,2003-10-29
37,23,2019-10-25
74,23,2010-11-09
17,24,2007-11-19
16,24,2019-12-08
78,24,2003-10-29
5,24,2019-10-25
75,24,2010-11-09
80,25,2004-03-16
69,25,2007-11-19
68,25,2019-12-08
9,25,2003-10-29
3,25,2019-10-25
23,25,2010-11-09
31,26,2007-11-19
56,26,2019-12-08
20,26,2003-10-29
85,26,2019-10-25
19,26,2010-11-09
80,27,2004-03-16
46,27,2007-11-19
71,27,2003-10-29
63,27,2019-10-25
65,27,2010-11-09
28,28,2003-10-29
84,28,2010-11-09
68,32,2007-11-19
54,32,2019-12-08
87,32,2003-10-29
60,32,2010-11-09
54,34,2007-11-19
62,34,2019-12-08
80,34,2003-10-29
81,34,2019-10-25
18,34,2010-11-09
62,35,2019-12-08
38,35,2019-10-25
4,35,2010-11-09
11,36,2004-03-16
34,36,2007-11-19
69,36,2019-12-08
82,36,2003-10-29
61,36,2010-11-09
35,37,2004-03-16
53,37,2007-11-19
5,37,2019-12-08
39,37,2003-10-29
70,37,2019-10-25
78,37,2010-11-09
83,38,2007-11-19
21,38,2003-10-29
27,38,2019-10-25
24,38,2010-11-09
87,41,2007-11-19
66,41,2003-10-29
6,41,2019-10-25
22,41,2010-11-09
40,42,2007-11-19
23,42,2003-10-29
44,42,2019-10-25
80,42,2010-11-09
10,45,2019-12-08
75,45,2019-10-25
33,46,2019-12-08
81,46,2003-10-29
78,46,2019-10-25
46,46,2010-11-09
7,47,2019-12-08
29,47,2003-10-29
65,47,2019-10-25
23,47,2010-11-09
84,48,2007-11-19
42,48,2019-12-08
32,48,2003-10-29
49,48,2019-10-25
34,48,2010-11-09
43,49,2007-11-19
27,49,2019-10-25
47,49,2010-11-09
70,50,2019-12-08
56,50,2019-10-25
26,50,2010-11-09
29,51,2019-10-25
43,51,2010-11-09
65,53,2003-10-29
66,53,2019-10-25
26,53,2010-11-09
26,54,2007-11-19
61,54,2003-10-29
80,54,2019-10-25
36,55,2007-11-19
48,55,2019-12-08
59,55,2003-10-29
80,55,2019-10-25
44,55,2010-11-09
34,56,2007-11-19
7,56,2019-12-08
31,56,2003-10-29
77,56,2010-11-09
7,57,2007-11-19
17,57,2019-12-08
26,57,2003-10-29
30,57,2019-10-25
87,58,2004-03-16
43,58,2007-11-19
39,58,2019-12-08
18,58,2003-10-29
31,58,2019-10-25
44,58,2010-11-09
64,59,2019-12-08
17,59,2003-10-29
43,59,2019-10-25
35,59,2010-11-09
74,60,2003-10-29
46,60,2019-10-25
35,60,2010-11-09
10,61,2019-12-08
42,61,2010-11-09
63,62,2019-12-08
41,62,2003-10-29
77,62,2010-11-09
22,63,2007-11-19
18,63,2019-12-08
11,63,2003-10-29
59,63,2019-10-25
54,63,2010-11-09
23,64,2007-11-19
64,64,2019-12-08
57,64,2003-10-29
43,64,2019-10-25
65,64,2010-11-09
83,65,2007-11-19
33,65,2019-12-08
20,65,2003-10-29
46,65,2019-10-25
67,65,2010-11-09
8,68,2019-12-08
29,68,2003-10-29
20,69,2007-11-19
67,69,2019-12-08
8,69,2019-10-25
66,69,2010-11-09
49,70,2010-11-09
67,71,2007-11-19
3,71,2019-12-08
50,71,2003-10-29
65,71,2019-10-25
28,72,2007-11-19
31,72,2019-12-08
83,72,2003-10-29
49,72,2019-10-25
23,72,2010-11-09
38,73,2007-11-19
81,73,2019-12-08
44,73,2019-10-25
83,74,2019-10-25
80,74,2010-11-09
26,75,2019-12-08
50,75,2003-10-29
56,75,2019-10-25
41,75,2010-11-09
72,77,2019-12-08
84,77,2003-10-29
10,77,2019-10-25
52,77,2010-11-09
82,78,2019-12-08
4,78,2019-10-25
59,78,2010-11-09
26,79,2007-11-19
84,79,2019-12-08
20,79,2003-10-29
83,79,2019-10-25
79,79,2010-11-09
54,80,2004-03-16
70,80,2019-12-08
79,80,2003-10-29
41,80,2019-10-25
57,80,2010-11-09
23,81,2003-10-29
18,81,2019-10-25
58,81,2010-11-09
4,82,2007-11-19
17,82,2003-10-29
48,82,2019-10-25
41,82,2010-11-09
9,83,2019-12-08
60,83,2003-10-29
67,83,2010-11-09
81,84,2007-11-19
67,84,2003-10-29
32,84,2019-10-25
9,84,2010-11-09
23,85,2007-11-19
30,85,2019-12-08
60,85,2003-10-29
27,85,2019-10-25
21,85,2010-11-09
3,86,2003-10-29
4,86,2019-10-25
11,88,2003-10-29
24,88,2019-10-25
21,90,2007-11-19
10,90,2019-12-08
57,90,2019-10-25
24,90,2010-11-09
22,92,2007-11-19
14,92,2019-12-08
57,92,2019-10-25
84,92,2010-11-09
43,94,2007-11-19
4,94,2003-10-29
34,95,2007-11-19
24,95,2019-12-08
54,95,2003-10-29
77,95,2010-11-09
65,96,2004-03-16
48,96,2019-12-08
27,96,2003-10-29
38,96,2019-10-25
23,97,2019-12-08
12,97,2003-10-29
44,97,2019-10-25
47,97,2010-11-09
74,98,2019-12-08
34,98,2003-10-29
83,98,2019-10-25
48,98,2010-11-09
11,99,2019-12-08
62,99,2003-10-29
33,99,2019-10-25
56,100,2003-10-29
15,100,2010-11-09
53,101,2007-11-19
2,101,2003-10-29
64,101,2019-10-25
46,101,2010-11-09
47,102,2003-10-29
38,102,2019-10-25
65,102,2010-11-09
20,104,2007-11-19
19,104,2019-10-25
38,104,2010-11-09
65,105,2019-12-08
75,105,2003-10-29
80,105,2019-10-25
22,105,2010-11-09
41,106,2003-10-29
42,106,2019-10-25
26,107,2019-12-08
63,107,2003-10-29
37,107,2019-10-25
21,107,2010-11-09
18,108,2007-11-19
64,108,2019-12-08
39,108,2003-10-29
58,108,2019-10-25
36,108,2010-11-09
74,109,2010-11-09
63,110,2007-11-19
66,110,2019-12-08
67,110,2003-10-29
29,110,2019-10-25
16,113,2019-12-08
64,113,2003-10-29
11,113,2019-10-25
78,116,2003-10-29
67,116,2019-10-25
72,116,2010-11-09
20,117,2019-12-08
53,117,2019-10-25
65,117,2010-11-09
60,118,2019-12-08
79,118,2003-10-29
24,118,2019-10-25
59,118,2010-11-09
63,120,2019-12-08
35,120,2003-10-29
49,120,2019-10-25
76,120,2010-11-09
13,121,2007-11-19
47,121,2019-12-08
34,121,2003-10-29
84,121,2019-10-25
39,121,2010-11-09
68,122,2007-11-19
17,122,2019-12-08
35,122,2003-10-29
62,122,2019-10-25
71,122,2010-11-09
37,123,2007-11-19
24,123,2019-12-08
11,123,2003-10-29
42,123,2019-10-25
38,123,2010-11-09
15,126,2004-03-16
59,126,2019-12-08
70,126,2003-10-29
62,126,2019-10-25
51,126,2010-11-09
18,127,2019-12-08
72,127,2003-10-29
46,127,2010-11-09
14,128,2007-11-19
52,128,2019-12-08
41,128,2003-10-29
29,128,2019-10-25
21,128,2010-11-09
32,129,2019-12-08
4,129,2003-10-29
10,129,2019-10-25
3,129,2010-11-09
45,130,2003-10-29
36,130,2019-10-25
5,130,2010-11-09
8,131,2019-12-08
21,131,2003-10-29
54,132,2003-10-29
53,133,2010-11-09
64,135,2019-10-25
37,135,2010-11-09
50,136,2007-11-19
13,136,2019-12-08
28,136,2003-10-29
49,136,2019-10-25
67,136,2010-11-09
34,137,2019-10-25
84,137,2010-11-09
18,138,2007-11-19
72,138,2019-12-08
54,138,2003-10-29
17,138,2010-11-09
14,139,2007-11-19
80,139,2019-12-08
69,139,2003-10-29
81,139,2019-10-25
49,140,2004-03-16
19,140,2007-11-19
40,140,2019-10-25
14,140,2010-11-09
4,141,2007-11-19
32,141,2019-12-08
73,141,2003-10-29
15,141,2010-11-09
84,142,2004-03-16
40,142,2007-11-19
25,142,2019-12-08
83,142,2019-10-25
8,142,2010-11-09
21,145,2019-10-25
52,145,2010-11-09
42,146,2007-11-19
35,146,2003-10-29
5,146,2019-10-25
56,146,2010-11-09
65,147,2007-11-19
39,147,2019-12-08
12,147,2003-10-29
48,148,2019-12-08
37,148,2003-10-29
75,148,2019-10-25
10,148,2010-11-09
41,149,2007-11-19
70,149,2003-10-29
40,149,2019-10-25
66,149,2010-11-09
4,150,2019-12-08
10,151,2003-10-29
35,151,2019-10-25
34,151,2010-11-09
37,153,2003-10-29
27,154,2019-12-08
39,154,2003-10-29
87,154,2019-10-25
38,155,2019-12-08
81,155,2003-10-29
30,155,2019-10-25
15,155,2010-11-09
85,157,2019-12-08
3,157,2003-10-29
58,157,2019-10-25
68,157,2010-11-09
21,158,2004-03-16
82,158,2019-12-08
41,158,2003-10-29
78,158,2019-10-25
19,158,2010-11-09
60,159,2007-11-19
17,159,2019-12-08
83,159,2003-10-29
13,159,2019-10-25
34,159,2010-11-09
16,160,2007-11-19
36,160,2019-12-08
48,160,2019-10-25
29,160,2010-11-09
48,161,2007-11-19
26,161,2003-10-29
59,161,2019-10-25
7,161,2010-11-09
81,162,2003-10-29
4,162,2019-10-25
9,162,2010-11-09
26,163,2019-12-08
8,163,2003-10-29
47,163,2019-10-25
12,163,2010-11-09
18,165,2007-11-19
71,165,2019-10-25
73,165,2010-11-09
74,166,2003-10-29
59,166,2019-10-25
44,166,2010-11-09
31,167,2004-03-16
83,167,2007-11-19
14,167,2019-12-08
28,167,2003-10-29
85,167,2019-10-25
58,167,2010-11-09
59,168,2004-03-16
15,168,2007-11-19
31,168,2019-12-08
79,168,2003-10-29
36,168,2019-10-25
61,168,2010-11-09
54,169,2007-11-19
83,169,2019-12-08
44,169,2003-10-29
17,169,2019-10-25
66,169,2010-11-09
74,171,2019-12-08
82,171,2019-10-25
64,171,2010-11-09
52,172,2004-03-16
29,172,2007-11-19
56,172,2019-12-08
62,172,2003-10-29
8,172,2019-10-25
54,172,2010-11-09
70,173,2007-11-19
30,173,2003-10-29
32,173,2019-10-25
56,173,2010-11-09
83,174,2019-10-25
12,174,2010-11-09
14,175,2004-03-16
39,175,2007-11-19
15,175,2003-10-29
65,175,2019-10-25
29,176,2010-11-09
21,177,2019-12-08
35,177,2003-10-29
8,177,2019-10-25
23,177,2010-11-09
33,178,2007-11-19
77,178,2019-12-08
64,178,2003-10-29
21,178,2019-10-25
3,178,2010-11-09
83,179,2003-10-29
27,179,2019-10-25
80,180,2004-03-16
18,180,2019-12-08
40,180,2003-10-29
30,180,2010-11-09
40,183,2007-11-19
3,183,2019-12-08
56,183,2003-10-29
78,183,2019-10-25
11,183,2010-11-09
71,184,2019-12-08
3,184,2003-10-29
46,184,2019-10-25
32,184,2010-11-09
20,185,2007-11-19
38,185,2019-12-08
56,185,2003-10-29
23,185,2010-11-09
19,186,2019-12-08
68,186,2003-10-29
69,186,2019-10-25
6,186,2010-11-09
15,188,2007-11-19
35,188,2019-12-08
44,188,2003-10-29
47,188,2019-10-25
84,188,2010-11-09
8,189,2007-11-19
19,189,2003-10-29
23,189,2019-10-25
15,189,2010-11-09
32,190,2019-10-25
22,190,2010-11-09
12,192,2019-12-08
23,192,2019-10-25
81,192,2010-11-09
37,193,2007-11-19
32,193,2003-10-29
80,193,2019-10-25
50,193,2010-11-09
81,194,2003-10-29
8,194,2010-11-09
84,195,2003-10-29
17,195,2019-10-25
23,195,2010-11-09
70,196,2007-11-19
37,196,2019-12-08
67,196,2003-10-29
79,196,2019-10-25
5,196,2010-11-09
50,197,2019-12-08
54,197,2003-10-29
58,197,2019-10-25
12,197,2010-11-09
69,198,2007-11-19
80,198,2003-10-29
35,198,2019-10-25
51,201,2007-11-19
52,201,2019-12-08
82,201,2003-10-29
16,201,2019-10-25
3,201,2010-11-09
70,203,2019-12-08
15,203,2019-10-25
20,203,2010-11-09
2,204,2007-11-19
87,204,2019-12-08
55,204,2003-10-29
18,204,2019-10-25
19,204,2010-11-09
51,206,2019-12-08
40,206,2003-10-29
39,206,2010-11-09
69,207,2019-09-10
9,207,2007-11-19
87,207,2003-10-29
34,207,2019-10-25
85,207,2010-11-09
83,208,2019-12-08
23,208,2003-10-29
80,208,2010-11-09
67,209,2003-10-29
36,209,2010-11-09
26,213,2007-11-19
69,213,2019-12-08
22,213,2003-10-29
64,213,2019-10-25
54,213,2010-11-09
33,214,2010-11-09
44,215,2019-10-25
36,216,2007-11-19
44,216,2003-10-29
74,216,2019-10-25
52,216,2010-11-09
35,217,2019-12-08
18,217,2003-10-29
55,217,2019-10-25
26,217,2010-11-09
29,218,2003-10-29
77,218,2019-10-25
86,218,2010-11-09
54,219,2007-11-19
7,219,2019-12-08
86,219,2003-10-29
10,219,2010-11-09
12,221,2007-11-19
51,221,2019-12-08
81,221,2019-10-25
2,221,2010-11-09
68,222,2003-10-29
63,222,2019-10-25
31,222,2010-11-09
27,224,2019-10-25
72,224,2010-11-09
70,225,2004-03-16
22,225,2007-11-19
40,225,2003-10-29
37,225,2019-10-25
55,225,2010-11-09
77,226,2019-12-08
5,226,2003-10-29
32,226,2019-10-25
29,226,2010-11-09
78,227,2007-11-19
66,227,2019-12-08
55,228,2019-12-08
69,228,2003-10-29
86,228,2019-10-25
15,228,2010-11-09
87,229,2010-11-09
31,230,2019-10-25
29,231,2007-11-19
81,231,2019-12-08
9,231,2003-10-29
31,232,2019-12-08
53,232,2003-10-29
69,232,2019-10-25
17,232,2010-11-09
37,233,2007-11-19
3,233,2019-12-08
13,233,2010-11-09
28,235,2003-10-29
5,235,2019-10-25
86,235,2010-11-09
53,237,2019-10-25
62,237,2010-11-09
8,240,2019-12-08
61,240,2003-10-29
84,240,2019-10-25
46,241,2007-11-19
82,241,2019-10-25
31,243,2007-11-19
52,243,2019-12-08
87,243,2003-10-29
3,243,2019-10-25
15,243,2010-11-09
63,244,2019-12-08
31,244,2003-10-29
55,244,2019-10-25
29,244,2010-11-09
86,245,2007-11-19
42,245,2003-10-29
2,245,2019-10-25
53,245,2010-11-09
39,246,2004-03-16
59,246,2019-12-08
54,246,2003-10-29
66,246,2019-10-25
5,246,2010-11-09
72,248,2007-11-19
68,248,2019-12-08
19,248,2003-10-29
23,248,2019-10-25
64,248,2010-11-09
16,249,2003-10-29
66,249,2019-10-25
69,249,2010-11-09
57,250,2004-03-16
51,250,2007-11-19
16,250,2003-10-29
15,250,2019-10-25
15,251,2019-12-08
85,251,2003-10-29
28,251,2019-10-25
25,251,2010-11-09
68,252,2019-10-25
30,252,2010-11-09
59,253,2007-11-19
79,253,2019-12-08
30,253,2003-10-29
37,253,2019-10-25
57,253,2010-11-09
22,254,2019-10-25
17,254,2010-11-09
28,256,2019-10-25
54,256,2010-11-09
29,257,2019-12-08
65,257,2003-10-29
87,257,2019-10-25
77,257,2010-11-09
37,258,2019-12-08
59,258,2019-10-25
7,258,2010-11-09
39,259,2010-11-09
29,260,2003-10-29
71,260,2019-10-25
62,260,2010-11-09
28,263,2004-03-16
45,263,2019-12-08
39,263,2003-10-29
23,263,2019-10-25
36,263,2010-11-09
77,264,2019-12-08
3,264,2003-10-29
16,264,2019-10-25
70,264,2010-11-09
68,266,2004-03-16
9,266,2007-11-19
24,266,2019-12-08
60,266,2003-10-29
43,266,2019-10-25
74,266,2010-11-09
3,267,2007-11-19
38,267,2019-12-08
75,267,2010-11-09
21,268,2007-11-19
8,268,2019-12-08
56,268,2010-11-09
83,269,2007-11-19
7,269,2003-10-29
11,269,2019-10-25
58,269,2010-11-09
35,270,2007-11-19
55,270,2003-10-29
37,270,2019-10-25
15,270,2010-11-09
3,271,2007-11-19
28,271,2019-12-08
22,271,2019-10-25
62,272,2019-12-08
15,272,2003-10-29
11,272,2010-11-09
76,273,2019-10-25
33,273,2010-11-09
66,274,2019-12-08
19,274,2019-10-25
15,276,2019-09-10
38,276,2007-11-19
54,276,2019-12-08
26,276,2003-10-29
29,276,2010-11-09
7,277,2019-12-08
66,277,2003-10-29
24,277,2019-10-25
15,277,2010-11-09
28,278,2019-12-08
33,278,2003-10-29
11,278,2010-11-09
19,279,2019-10-25
26,280,2004-03-16
40,280,2003-10-29
87,280,2019-10-25
78,280,2010-11-09
13,281,2019-10-25
32,281,2010-11-09
19,282,2007-11-19
4,282,2019-12-08
34,282,2003-10-29
29,282,2019-10-25
31,282,2010-11-09
57,283,2004-03-16
20,283,2007-11-19
63,283,2019-12-08
11,283,2019-10-25
66,283,2010-11-09
63,284,2019-12-08
60,284,2003-10-29
22,284,2019-10-25
41,284,2010-11-09
56,285,2003-10-29
77,285,2010-11-09
78,286,2019-12-08
63,286,2003-10-29
50,286,2019-10-25
17,286,2010-11-09
64,287,2003-10-29
40,287,2010-11-09
49,288,2019-12-08
35,288,2003-10-29
59,288,2019-10-25
41,288,2010-11-09
10,289,2007-11-19
65,289,2019-12-08
42,289,2003-10-29
3,289,2019-10-25
47,290,2019-12-08
79,290,2003-10-29
65,290,2019-10-25
58,290,2010-11-09
4,293,2019-12-08
42,293,2019-10-25
15,293,2010-11-09
65,294,2019-10-25
13,294,2010-11-09
10,295,2007-11-19
43,295,2019-12-08
27,295,2003-10-29
81,295,2019-10-25
9,295,2010-11-09
69,296,2007-11-19
27,296,2019-12-08
30,296,2003-10-29
70,296,2019-10-25
71,297,2007-11-19
66,297,2019-12-08
4,297,2003-10-29
69,297,2010-11-09
48,298,2019-10-25
10,298,2010-11-09
68,299,2010-11-09
54,300,2007-11-19
7,300,2019-12-08
40,300,2003-10-29
4,300,2019-10-25
27,300,2010-11-09
4,301,2004-03-16
12,301,2019-12-08
30,301,2003-10-29
48,301,2019-10-25
55,301,2010-11-09
27,302,2007-11-19
49,302,2003-10-29
11,302,2010-11-09
21,304,2019-12-08
27,304,2003-10-29
47,304,2019-10-25
50,304,2010-11-09
48,305,2004-03-16
71,305,2007-11-19
70,305,2003-10-29
81,305,2019-10-25
74,305,2010-11-09
39,306,2019-12-08
43,306,2019-10-25
30,306,2010-11-09
69,307,2019-12-08
14,307,2019-10-25
53,307,2010-11-09
61,310,2007-11-19
72,310,2019-12-08
13,310,2003-10-29
23,310,2010-11-09
75,311,2019-12-08
45,311,2003-10-29
82,311,2019-10-25
73,311,2010-11-09
59,312,2003-10-29
14,312,2019-10-25
87,312,2010-11-09
20,313,2019-12-08
78,313,2003-10-29
75,313,2019-10-25
67,313,2010-11-09
70,315,2019-12-08
34,315,2003-10-29
42,315,2019-10-25
30,315,2010-11-09
34,316,2019-12-08
44,316,2003-10-29
45,316,2010-11-09
78,317,2019-12-08
66,317,2003-10-29
4,317,2019-10-25
11,317,2010-11-09
56,318,2019-12-08
53,318,2019-10-25
7,318,2010-11-09
19,320,2004-03-16
3,320,2019-12-08
64,320,2003-10-29
68,320,2019-10-25
46,320,2010-11-09
69,321,2003-10-29
56,321,2019-10-25
37,321,2010-11-09
36,322,2007-11-19
44,322,2019-12-08
23,322,2019-10-25
62,322,2010-11-09
63,323,2007-11-19
46,323,2019-12-08
57,323,2003-10-29
20,323,2019-10-25
59,323,2010-11-09
22,324,2004-03-16
75,324,2007-11-19
83,324,2019-12-08
5,324,2003-10-29
79,324,2019-10-25
36,324,2010-11-09
29,327,2019-10-25
51,327,2010-11-09
55,328,2019-12-08
41,328,2019-10-25
83,328,2010-11-09
52,330,2007-11-19
64,330,2019-12-08
60,330,2003-10-29
23,330,2019-10-25
85,330,2010-11-09
12,332,2019-12-08
19,332,2003-10-29
19,333,2007-11-19
10,333,2019-12-08
51,333,2003-10-29
50,333,2019-10-25
8,334,2003-10-29
70,334,2019-10-25
71,334,2010-11-09
22,335,2019-12-08
87,335,2003-10-29
43,335,2019-10-25
66,336,2019-12-08
8,336,2019-10-25
29,336,2010-11-09
65,337,2007-11-19
36,337,2003-10-29
75,337,2019-10-25
64,337,2010-11-09
45,338,2019-12-08
54,338,2019-10-25
52,338,2010-11-09
21,339,2003-10-29
18,339,2019-10-25
15,339,2010-11-09
8,340,2019-12-08
81,340,2003-10-29
46,340,2019-10-25
45,340,2010-11-09
63,341,2007-11-19
12,341,2019-12-08
23,341,2003-10-29
55,341,2019-10-25
17,341,2010-11-09
17,342,2007-11-19
80,342,2003-10-29
40,342,2019-10-25
37,342,2010-11-09
12,343,2007-11-19
26,343,2019-12-08
46,343,2003-10-29
7,343,2019-10-25
17,343,2010-11-09
48,344,2019-12-08
22,344,2019-10-25
41,344,2010-11-09
46,345,2007-11-19
64,345,2003-10-29
80,345,2019-10-25
20,348,2007-11-19
30,348,2019-10-25
25,348,2010-11-09
32,349,2010-11-09
35,351,2019-12-08
80,351,2003-10-29
66,351,2010-11-09
81,352,2007-11-19
35,352,2003-10-29
27,352,2019-10-25
58,352,2010-11-09
23,355,2010-11-09
36,356,2007-11-19
61,356,2003-10-29
26,356,2010-11-09
82,357,2003-10-29
30,357,2010-11-09
28,358,2019-12-08
50,358,2003-10-29
81,358,2019-10-25
4,358,2010-11-09
60,359,2007-11-19
42,359,2019-12-08
34,359,2019-10-25
59,359,2010-11-09
70,360,2003-10-29
20,360,2019-10-25
7,361,2019-12-08
25,361,2003-10-29
33,361,2019-10-25
35,361,2010-11-09
82,362,2003-10-29
71,362,2010-11-09
14,363,2007-11-19
62,363,2019-12-08
82,363,2003-10-29
61,363,2019-10-25
31,363,2010-11-09
4,364,2007-11-19
87,364,2019-12-08
28,364,2003-10-29
10,364,2010-11-09
45,365,2010-11-09
37,366,2007-11-19
78,366,2003-10-29
9,366,2019-10-25
40,366,2010-11-09
43,367,2019-12-08
31,367,2003-10-29
65,367,2019-10-25
58,368,2007-11-19
71,368,2019-12-08
7,368,2003-10-29
4,368,2010-11-09
31,369,2004-03-16
12,369,2007-11-19
27,369,2019-12-08
63,369,2003-10-29
86,369,2019-10-25
50,369,2010-11-09
35,370,2003-10-29
71,370,2019-10-25
20,370,2010-11-09
51,371,2019-10-25
83,371,2010-11-09
55,372,2007-11-19
67,372,2019-12-08
69,372,2003-10-29
11,372,2010-11-09
62,373,2007-11-19
64,373,2019-12-08
15,373,2019-10-25
73,373,2010-11-09
27,374,2010-11-09
2,375,2003-10-29
37,375,2019-10-25
24,376,2019-12-08
64,376,2003-10-29
57,376,2010-11-09
22,377,2019-10-25
55,377,2010-11-09
64,378,2019-12-08
28,378,2003-10-29
65,378,2019-10-25
25,379,2019-10-25
67,379,2010-11-09
20,380,2019-12-08
35,380,2019-10-25
66,380,2010-11-09
54,381,2004-03-16
6,381,2019-12-08
63,381,2003-10-29
79,381,2019-10-25
17,381,2010-11-09
86,382,2007-11-19
22,382,2019-12-08
34,382,2003-10-29
77,382,2019-10-25
59,382,2010-11-09
32,385,2019-12-08
40,385,2019-10-25
70,385,2010-11-09
65,389,2007-11-19
34,389,2003-10-29
33,389,2010-11-09
55,390,2007-11-19
22,390,2003-10-29
56,390,2019-10-25
7,390,2010-11-09
12,391,2019-12-08
52,391,2019-10-25
86,391,2010-11-09
72,392,2010-11-09
41,393,2007-11-19
20,393,2019-10-25
38,393,2010-11-09
8,394,2019-12-08
29,394,2003-10-29
47,394,2019-10-25
78,395,2019-12-08
81,395,2003-10-29
57,395,2019-10-25
6,395,2010-11-09
28,396,2007-11-19
76,396,2019-10-25
11,396,2010-11-09
70,397,2004-03-16
79,397,2019-12-08
7,397,2003-10-29
86,397,2019-10-25
52,397,2010-11-09
24,399,2007-11-19
63,399,2019-12-08
28,399,2003-10-29
16,399,2019-10-25
27,399,2010-11-09
19,400,2003-10-29
82,400,2019-10-25
41,400,2010-11-09
41,401,2007-11-19
23,401,2019-12-08
11,401,2003-10-29
78,401,2019-10-25
53,401,2010-11-09
63,402,2007-11-19
11,402,2019-12-08
27,402,2003-10-29
59,402,2019-10-25
81,402,2010-11-09
42,403,2004-03-16
31,403,2007-11-19
72,403,2019-12-08
58,403,2010-11-09
85,404,2019-10-25
75,404,2010-11-09
72,405,2019-12-08
57,405,2003-10-29
46,405,2019-10-25
2,405,2010-11-09
53,406,2007-11-19
57,406,2019-12-08
9,406,2003-10-29
43,406,2019-10-25
83,406,2010-11-09
32,407,2019-12-08
2,407,2003-10-29
80,407,2019-10-25
83,407,2010-11-09
72,408,2019-12-08
52,408,2003-10-29
26,408,2019-10-25
50,408,2010-11-09
70,409,2003-10-29
5,409,2010-11-09
62,410,2004-03-16
68,410,2007-11-19
29,410,2019-12-08
59,410,2003-10-29
12,410,2019-10-25
31,410,2010-11-09
55,411,2007-11-19
21,411,2019-12-08
54,411,2003-10-29
44,411,2019-10-25
36,412,2019-12-08
30,412,2003-10-29
66,412,2019-10-25
77,414,2004-03-16
55,414,2007-11-19
54,414,2019-12-08
60,414,2003-10-29
62,414,2019-10-25
33,414,2010-11-09
7,415,2003-10-29
86,415,2019-10-25
41,415,2010-11-09
81,416,2004-03-16
12,416,2007-11-19
8,416,2019-12-08
55,416,2003-10-29
20,416,2019-10-25
62,416,2010-11-09
14,417,2019-12-08
20,417,2003-10-29
53,417,2019-10-25
36,417,2010-11-09
28,418,2019-12-08
61,418,2003-10-29
31,418,2019-10-25
43,418,2010-11-09
16,419,2019-10-25
23,419,2010-11-09
45,420,2004-03-16
9,420,2003-10-29
43,420,2019-10-25
30,420,2010-11-09
36,421,2019-12-08
51,421,2019-10-25
59,421,2010-11-09
55,422,2019-10-25
22,423,2004-03-16
11,423,2003-10-29
38,423,2019-10-25
26,423,2010-11-09
71,424,2007-11-19
77,424,2019-12-08
46,424,2003-10-29
65,424,2019-10-25
4,424,2010-11-09
27,425,2019-12-08
57,425,2003-10-29
42,425,2019-10-25
29,425,2010-11-09
37,427,2007-11-19
27,427,2019-12-08
28,427,2003-10-29
18,427,2019-10-25
34,427,2010-11-09
44,428,2003-10-29
8,428,2019-10-25
37,429,2007-11-19
78,429,2019-12-08
60,429,2003-10-29
11,429,2019-10-25
23,429,2010-11-09
77,430,2003-10-29
2,430,2019-10-25
13,430,2010-11-09
34,431,2019-12-08
59,431,2003-10-29
14,431,2019-10-25
25,431,2010-11-09
87,432,2007-11-19
63,432,2019-12-08
42,432,2003-10-29
9,432,2019-10-25
47,432,2010-11-09
46,433,2003-10-29
62,433,2019-10-25
43,433,2010-11-09
17,434,2007-11-19
52,434,2019-12-08
81,434,2010-11-09
68,437,2007-11-19
10,437,2003-10-29
16,437,2019-10-25
46,437,2010-11-09
64,438,2004-03-16
8,438,2007-11-19
46,438,2003-10-29
28,438,2010-11-09
67,439,2004-03-16
19,439,2019-10-25
14,439,2010-11-09
24,441,2019-12-08
15,441,2003-10-29
85,441,2010-11-09
28,443,2019-12-08
85,443,2003-10-29
36,443,2019-10-25
77,443,2010-11-09
77,444,2019-12-08
82,444,2003-10-29
42,444,2019-10-25
54,444,2010-11-09
8,446,2019-12-08
87,446,2019-10-25
73,446,2010-11-09
42,447,2004-03-16
81,447,2007-11-19
36,447,2003-10-29
41,447,2019-10-25
39,447,2010-11-09
84,448,2007-11-19
22,448,2019-12-08
57,448,2003-10-29
48,448,2019-10-25
53,448,2010-11-09
37,449,2004-03-16
75,449,2003-10-29
56,449,2019-10-25
42,449,2010-11-09
60,451,2019-12-08
54,451,2003-10-29
63,451,2019-10-25
39,452,2019-10-25
36,453,2019-12-08
82,453,2003-10-29
78,453,2019-10-25
4,453,2010-11-09
28,454,2019-12-08
31,454,2003-10-29
80,454,2019-10-25
21,454,2010-11-09
35,455,2004-03-16
70,455,2007-11-19
14,455,2019-12-08
13,455,2003-10-29
22,455,2019-10-25
45,455,2010-11-09
86,457,2003-10-29
13,457,2019-10-25
57,457,2010-11-09
70,458,2007-11-19
63,458,2003-10-29
32,458,2010-11-09
34,459,2007-11-19
23,459,2019-12-08
35,459,2003-10-29
55,459,2019-10-25
70,459,2010-11-09
60,460,2019-10-25
56,460,2010-11-09
53,461,2019-12-08
50,461,2019-10-25
51,461,2010-11-09
49,464,2019-12-08
2,464,2003-10-29
60,464,2019-10-25
73,464,2010-11-09
11,469,2004-03-16
68,469,2019-12-08
55,469,2003-10-29
16,469,2010-11-09
42,470,2019-10-25
13,470,2010-11-09
34,471,2007-11-19
38,471,2019-12-08
63,471,2003-10-29
20,471,2019-10-25
23,472,2019-12-08
34,472,2003-10-29
54,472,2019-10-25
26,472,2010-11-09
84,473,2019-12-08
54,473,2010-11-09
8,474,2003-10-29
81,474,2019-10-25
23,474,2010-11-09
21,476,2007-11-19
46,476,2019-12-08
87,476,2003-10-29
5,476,2019-10-25
51,476,2010-11-09
43,478,2007-11-19
22,478,2003-10-29
21,478,2019-10-25
34,478,2010-11-09
67,482,2007-11-19
57,482,2003-10-29
35,482,2019-10-25
40,482,2010-11-09
33,483,2019-12-08
23,483,2003-10-29
19,483,2019-10-25
20,484,2003-10-29
52,484,2019-10-25
25,485,2007-11-19
15,485,2003-10-29
60,485,2019-10-25
74,485,2010-11-09
12,486,2007-11-19
70,486,2019-12-08
18,486,2003-10-29
57,486,2010-11-09
13,487,2003-10-29
68,487,2019-10-25
4,487,2010-11-09
56,489,2007-11-19
12,489,2003-10-29
31,489,2019-10-25
10,489,2010-11-09
72,490,2019-12-08
57,490,2003-10-29
52,490,2019-10-25
35,490,2010-11-09
13,491,2019-12-08
83,491,2003-10-29
73,491,2019-10-25
8,491,2010-11-09
22,492,2004-03-16
71,492,2019-12-08
45,492,2003-10-29
36,492,2019-10-25
16,492,2010-11-09
57,493,2019-10-25
24,493,2010-11-09
70,495,2007-11-19
87,495,2019-12-08
43,495,2003-10-29
14,495,2019-10-25
80,496,2003-10-29
45,496,2019-10-25
76,496,2010-11-09
18,497,2007-11-19
17,497,2019-12-08
29,497,2019-10-25
48,497,2010-11-09
67,498,2007-11-19
60,498,2019-12-08
13,498,2003-10-29
45,498,2019-10-25
39,498,2010-11-09
31,499,2003-10-29
69,499,2019-10-25
20,500,2019-12-08
5,500,2003-10-29
52,500,2019-10-25
45,500,2010-11-09
69,501,2007-11-19
43,501,2019-12-08
81,501,2003-10-29
65,501,2019-10-25
55,501,2010-11-09
34,503,2019-10-25
9,503,2010-11-09
15,504,2003-10-29
63,504,2019-10-25
55,504,2010-11-09
12,505,2003-10-29
8,505,2019-10-25
28,505,2010-11-09
28,506,2019-12-08
52,506,2019-10-25
65,506,2010-11-09
10,507,2007-11-19
17,507,2019-12-08
70,507,2003-10-29
41,507,2010-11-09
63,508,2019-12-08
15,508,2003-10-29
46,508,2019-10-25
32,508,2010-11-09
16,509,2019-12-08
59,509,2003-10-29
64,509,2019-10-25
65,509,2010-11-09
7,512,2019-12-08
40,512,2003-10-29
71,512,2019-10-25
50,512,2010-11-09
81,513,2007-11-19
9,513,2003-10-29
29,513,2010-11-09
23,515,2003-10-29
30,515,2019-10-25
18,515,2010-11-09
80,516,2019-12-08
46,516,2003-10-29
63,516,2019-10-25
40,516,2010-11-09
83,518,2004-03-16
13,518,2007-11-19
48,518,2003-10-29
56,518,2019-10-25
75,518,2010-11-09
73,519,2007-11-19
5,519,2019-12-08
11,519,2003-10-29
22,519,2019-10-25
16,519,2010-11-09
74,520,2019-12-08
68,520,2003-10-29
15,520,2019-10-25
44,520,2010-11-09
3,521,2019-12-08
31,521,2003-10-29
14,521,2019-10-25
75,521,2010-11-09
9,522,2007-11-19
41,522,2019-12-08
57,522,2019-10-25
4,522,2010-11-09
33,523,2019-12-08
11,523,2003-10-29
80,523,2010-11-09
10,524,2019-12-08
56,524,2003-10-29
23,524,2019-10-25
34,524,2010-11-09
66,525,2019-12-08
25,525,2019-10-25
43,525,2010-11-09
8,526,2007-11-19
54,526,2019-12-08
69,526,2003-10-29
82,526,2019-10-25
81,526,2010-11-09
34,528,2010-11-09
21,529,2004-03-16
84,529,2019-12-08
19,529,2003-10-29
36,529,2019-10-25
14,529,2010-11-09
12,530,2019-12-08
8,530,2019-10-25
72,530,2010-11-09
2,531,2003-10-29
7,531,2019-10-25
58,531,2010-11-09
21,533,2004-03-16
5,533,2019-12-08
40,533,2003-10-29
3,533,2019-10-25
25,533,2010-11-09
19,534,2003-10-29
35,535,2019-12-08
59,535,2019-10-25
3,535,2010-11-09
4,536,2007-11-19
22,536,2019-12-08
47,536,2019-10-25
18,536,2010-11-09
47,537,2003-10-29
54,537,2019-10-25
65,537,2010-11-09
30,538,2019-12-08
26,538,2019-10-25
58,540,2007-11-19
9,540,2019-12-08
44,540,2003-10-29
78,540,2019-10-25
3,540,2010-11-09
9,541,2019-10-25
33,541,2010-11-09
32,542,2019-12-08
21,542,2019-10-25
69,542,2010-11-09
52,543,2003-10-29
29,543,2010-11-09
65,545,2003-10-29
13,545,2019-10-25
54,547,2007-11-19
85,547,2003-10-29
63,547,2019-10-25
41,547,2010-11-09
78,548,2019-10-25
34,548,2010-11-09
35,549,2019-09-10
59,549,2007-11-19
16,549,2019-12-08
11,549,2003-10-29
83,549,2019-10-25
55,549,2010-11-09
47,550,2003-10-29
37,550,2019-10-25
58,550,2010-11-09
82,552,2003-10-29
45,552,2019-10-25
34,552,2010-11-09
32,553,2003-10-29
48,553,2019-10-25
68,553,2010-11-09
26,554,2019-12-08
70,554,2003-10-29
40,554,2010-11-09
30,555,2019-10-25
2,555,2010-11-09
37,556,2004-03-16
2,556,2003-10-29
81,556,2019-10-25
32,556,2010-11-09
28,557,2019-12-08
21,557,2019-10-25
63,557,2010-11-09
66,558,2019-12-08
56,558,2019-10-25
44,558,2010-11-09
48,560,2007-11-19
72,560,2019-12-08
80,560,2003-10-29
70,560,2019-10-25
49,560,2010-11-09
25,563,2007-11-19
52,563,2019-12-08
54,563,2003-10-29
17,563,2019-10-25
57,564,2010-11-09
27,565,2007-11-19
33,565,2003-10-29
80,565,2010-11-09
37,566,2007-11-19
32,566,2019-12-08
76,566,2019-10-25
81,566,2010-11-09
7,567,2007-11-19
10,567,2019-12-08
69,567,2003-10-29
17,567,2019-10-25
41,567,2010-11-09
16,568,2007-11-19
19,568,2019-12-08
17,568,2003-10-29
71,568,2010-11-09
45,569,2019-10-25
54,569,2010-11-09
79,570,2010-11-09
25,571,2019-12-08
21,571,2003-10-29
33,571,2019-10-25
32,571,2010-11-09
34,572,2019-12-08
74,572,2003-10-29
13,572,2019-10-25
29,572,2010-11-09
30,573,2003-10-29
54,573,2019-10-25
6,573,2010-11-09
9,576,2003-10-29
30,576,2010-11-09
21,577,2019-12-08
31,577,2003-10-29
34,577,2019-10-25
77,579,2003-10-29
70,579,2019-10-25
58,579,2010-11-09
8,580,2019-12-08
3,580,2003-10-29
61,580,2019-10-25
71,580,2010-11-09
78,581,2019-12-08
15,581,2003-10-29
70,581,2019-10-25
86,581,2010-11-09
20,582,2019-12-08
45,582,2019-10-25
54,582,2010-11-09
53,583,2004-03-16
49,583,2007-11-19
39,583,2019-12-08
22,583,2003-10-29
17,583,2019-10-25
67,583,2010-11-09
43,585,2007-11-19
45,585,2019-12-08
63,585,2003-10-29
41,585,2019-10-25
53,586,2007-11-19
51,586,2019-12-08
65,586,2003-10-29
15,586,2010-11-09
33,587,2007-11-19
57,587,2019-12-08
55,587,2003-10-29
48,587,2019-10-25
66,587,2010-11-09
74,588,2019-12-08
25,588,2003-10-29
69,588,2019-10-25
63,588,2010-11-09
28,589,2003-10-29
87,589,2019-10-25
37,589,2010-11-09
60,590,2019-12-08
44,590,2019-10-25
33,590,2010-11-09
46,593,2007-11-19
14,593,2019-12-08
51,593,2003-10-29
59,593,2019-10-25
41,593,2010-11-09
35,595,2003-10-29
38,595,2019-10-25
67,595,2010-11-09
22,596,2003-10-29
84,596,2019-10-25
72,596,2010-11-09
34,598,2019-12-08
77,598,2003-10-29
84,598,2019-10-25
47,599,2004-03-16
82,599,2019-12-08
45,599,2003-10-29
24,599,2010-11-09
81,600,2019-12-08
38,600,2003-10-29
25,600,2019-10-25
15,600,2010-11-09
37,602,2003-10-29
16,602,2019-10-25
14,602,2010-11-09
29,603,2003-10-29
23,603,2019-10-25
47,603,2010-11-09
71,604,2007-11-19
40,604,2003-10-29
13,604,2019-10-25
31,604,2010-11-09
65,605,2010-11-09
2,606,2010-11-09
19,609,2019-12-08
82,609,2019-10-25
18,609,2010-11-09
9,610,2004-03-16
86,610,2019-12-08
3,610,2003-10-29
26,610,2019-10-25
66,610,2010-11-09
9,611,2007-11-19
59,611,2019-12-08
79,611,2003-10-29
81,611,2019-10-25
29,611,2010-11-09
26,613,2019-10-25
67,613,2010-11-09
14,614,2007-11-19
13,614,2019-12-08
22,614,2003-10-29
24,614,2019-10-25
53,614,2010-11-09
58,616,2019-12-08
24,616,2003-10-29
44,616,2019-10-25
82,618,2019-12-08
33,618,2003-10-29
54,618,2019-10-25
43,618,2010-11-09
73,619,2003-10-29
58,619,2010-11-09
54,620,2007-11-19
29,620,2019-12-08
57,620,2003-10-29
30,620,2019-10-25
6,620,2010-11-09
68,621,2003-10-29
82,621,2019-10-25
82,622,2019-12-08
35,622,2003-10-29
5,622,2019-10-25
83,622,2010-11-09
43,623,2004-03-16
34,623,2019-12-08
62,623,2003-10-29
47,623,2019-10-25
7,624,2019-12-08
39,624,2003-10-29
35,624,2019-10-25
13,624,2010-11-09
61,626,2007-11-19
59,626,2019-12-08
81,626,2019-10-25
28,626,2010-11-09
74,628,2019-12-08
41,628,2003-10-29
26,628,2019-10-25
31,628,2010-11-09
18,629,2007-11-19
3,629,2019-12-08
7,629,2003-10-29
45,629,2010-11-09
40,630,2019-10-25
41,634,2007-11-19
69,634,2019-12-08
3,634,2003-10-29
60,634,2019-10-25
80,634,2010-11-09
14,635,2004-03-16
9,635,2019-12-08
18,635,2003-10-29
44,635,2019-10-25
26,635,2010-11-09
48,636,2004-03-16
33,636,2007-11-19
86,636,2019-10-25
57,636,2010-11-09
69,637,2019-09-10
86,637,2007-11-19
5,637,2019-12-08
61,637,2003-10-29
41,637,2019-10-25
11,637,2010-11-09
28,638,2007-11-19
49,638,2019-12-08
17,638,2003-10-29
26,638,2019-10-25
36,638,2010-11-09
85,640,2003-10-29
41,640,2019-10-25
29,642,2007-11-19
44,642,2019-12-08
32,642,2003-10-29
83,642,2019-10-25
67,644,2004-03-16
72,644,2003-10-29
20,644,2019-10-25
29,644,2010-11-09
81,645,2007-11-19
62,645,2019-12-08
2,645,2019-10-25
44,645,2010-11-09
22,646,2019-12-08
15,646,2003-10-29
10,646,2019-10-25
68,646,2010-11-09
67,647,2007-11-19
16,647,2019-12-08
40,647,2003-10-29
57,647,2019-10-25
55,647,2010-11-09
39,651,2004-03-16
51,651,2007-11-19
25,651,2019-12-08
59,651,2003-10-29
9,651,2019-10-25
19,651,2010-11-09
21,652,2004-03-16
27,652,2007-11-19
4,652,2019-12-08
46,652,2003-10-29
17,652,2019-10-25
14,652,2010-11-09
25,655,2003-10-29
79,655,2019-10-25
17,655,2010-11-09
79,656,2004-03-16
36,656,2003-10-29
39,656,2019-10-25
83,656,2010-11-09
46,657,2019-10-25
84,657,2010-11-09
83,659,2007-11-19
37,659,2003-10-29
48,659,2019-10-25
60,660,2019-10-25
70,660,2010-11-09
63,661,2019-12-08
86,661,2003-10-29
69,661,2019-10-25
52,661,2010-11-09
37,662,2007-11-19
52,662,2019-12-08
42,662,2003-10-29
78,662,2019-10-25
27,662,2010-11-09
26,663,2007-11-19
24,663,2019-12-08
27,663,2003-10-29
19,663,2019-10-25
12,663,2010-11-09
74,664,2010-11-09
13,665,2004-03-16
73,665,2007-11-19
22,665,2019-12-08
65,665,2003-10-29
2,665,2019-10-25
76,665,2010-11-09
82,666,2004-03-16
34,666,2019-12-08
23,666,2003-10-29
59,666,2019-10-25
37,666,2010-11-09
22,667,2019-12-08
37,667,2019-10-25
17,667,2010-11-09
27,668,2003-10-29
54,670,2019-12-08
10,670,2003-10-29
2,670,2010-11-09
4,671,2019-12-08
7,671,2010-11-09
55,672,2019-12-08
4,672,2019-10-25
14,672,2010-11-09
74,673,2007-11-19
67,673,2019-12-08
86,673,2003-10-29
82,673,2019-10-25
54,674,2019-12-08
33,674,2019-10-25
83,674,2010-11-09
67,675,2019-12-08
43,675,2019-10-25
74,675,2010-11-09
17,676,2019-12-08
19,676,2003-10-29
50,676,2019-10-25
8,676,2010-11-09
9,677,2007-11-19
86,677,2019-12-08
78,677,2003-10-29
36,677,2010-11-09
35,678,2019-12-08
19,678,2003-10-29
45,678,2010-11-09
22,679,2019-12-08
85,679,2003-10-29
18,679,2019-10-25
41,679,2010-11-09
16,680,2019-12-08
28,680,2003-10-29
31,680,2010-11-09
44,681,2004-03-16
67,681,2007-11-19
55,681,2003-10-29
28,681,2019-10-25
27,681,2010-11-09
16,683,2019-12-08
78,683,2003-10-29
53,683,2019-10-25
9,683,2010-11-09
36,685,2019-12-08
45,685,2019-10-25
14,685,2010-11-09
48,687,2019-12-08
63,687,2019-10-25
73,687,2010-11-09
79,688,2010-11-09
57,689,2004-03-16
11,689,2007-11-19
15,689,2019-12-08
37,689,2003-10-29
48,689,2019-10-25
3,689,2010-11-09
32,690,2003-10-29
77,690,2019-10-25
27,690,2010-11-09
45,692,2010-11-09
27,693,2007-11-19
54,693,2019-12-08
53,693,2003-10-29
72,693,2019-10-25
67,693,2010-11-09
52,695,2003-10-29
41,695,2019-10-25
77,695,2010-11-09
3,697,2007-11-19
60,697,2019-12-08
52,697,2003-10-29
38,697,2019-10-25
76,697,2010-11-09
60,698,2003-10-29
71,698,2019-10-25
57,698,2010-11-09
54,699,2019-12-08
67,699,2003-10-29
81,699,2010-11-09
41,700,2007-11-19
7,700,2019-12-08
10,700,2003-10-29
26,700,2019-10-25
69,700,2010-11-09
57,701,2019-12-08
48,701,2019-10-25
66,701,2010-11-09
87,702,2019-12-08
54,702,2019-10-25
69,702,2010-11-09
38,703,2019-12-08
26,703,2003-10-29
81,703,2019-10-25
71,703,2010-11-09
86,705,2019-12-08
71,705,2003-10-29
64,705,2019-10-25
42,705,2010-11-09
46,706,2003-10-29
2,706,2019-10-25
15,706,2010-11-09
46,707,2019-12-08
59,707,2019-10-25
77,707,2010-11-09
30,708,2007-11-19
69,708,2019-12-08
53,708,2003-10-29
78,708,2019-10-25
9,709,2007-11-19
74,709,2003-10-29
10,709,2019-10-25
18,709,2010-11-09
80,710,2003-10-29
81,710,2019-10-25
87,710,2010-11-09
46,711,2019-10-25
54,711,2010-11-09
22,712,2019-10-25
29,715,2019-12-08
27,715,2003-10-29
81,715,2019-10-25
6,715,2010-11-09
28,717,2007-11-19
67,717,2019-12-08
22,717,2003-10-29
34,717,2010-11-09
36,718,2019-10-25
53,719,2004-03-16
65,719,2019-12-08
68,719,2003-10-29
81,719,2019-10-25
11,719,2010-11-09
6,720,2019-12-08
87,720,2003-10-29
43,720,2019-10-25
26,720,2010-11-09
12,721,2007-11-19
3,721,2019-12-08
49,721,2003-10-29
56,721,2019-10-25
10,721,2010-11-09
72,722,2007-11-19
51,722,2019-12-08
44,722,2003-10-29
49,722,2019-10-25
36,722,2010-11-09
61,723,2007-11-19
65,723,2019-12-08
66,723,2003-10-29
52,723,2010-11-09
34,726,2003-10-29
24,726,2019-10-25
41,726,2010-11-09
58,727,2007-11-19
49,727,2019-12-08
81,727,2003-10-29
36,727,2019-10-25
10,727,2010-11-09
67,728,2007-11-19
82,728,2019-10-25
47,728,2010-11-09
82,731,2003-10-29
33,731,2019-10-25
58,731,2010-11-09
60,732,2003-10-29
84,732,2019-10-25
6,732,2010-11-09
30,733,2019-12-08
63,733,2003-10-29
12,733,2019-10-25
82,733,2010-11-09
41,734,2003-10-29
32,734,2010-11-09
31,735,2019-12-08
54,735,2003-10-29
73,736,2004-03-16
71,736,2007-11-19
82,736,2019-12-08
35,736,2003-10-29
50,736,2019-10-25
87,736,2010-11-09
52,737,2019-12-08
20,737,2003-10-29
65,737,2019-10-25
47,737,2010-11-09
64,740,2004-03-16
18,740,2003-10-29
12,740,2010-11-09
15,741,2003-10-29
30,741,2019-10-25
2,741,2010-11-09
58,742,2007-11-19
11,742,2019-12-08
14,742,2003-10-29
29,742,2019-10-25
30,742,2010-11-09
62,743,2019-12-08
21,743,2019-10-25
18,743,2010-11-09
62,744,2019-10-25
18,744,2010-11-09
49,745,2019-12-08
53,745,2019-10-25
62,745,2010-11-09
65,746,2019-12-08
15,746,2019-10-25
66,746,2010-11-09
61,747,2019-12-08
37,747,2003-10-29
83,747,2019-10-25
31,747,2010-11-09
81,748,2007-11-19
12,748,2019-12-08
42,748,2003-10-29
4,748,2019-10-25
31,748,2010-11-09
9,749,2003-10-29
35,749,2010-11-09
84,751,2007-11-19
41,751,2019-12-08
83,751,2003-10-29
77,751,2019-10-25
17,751,2010-11-09
26,752,2004-03-16
44,752,2003-10-29
35,752,2019-10-25
38,752,2010-11-09
55,753,2003-10-29
72,753,2019-10-25
26,753,2010-11-09
58,755,2019-12-08
67,755,2003-10-29
17,755,2019-10-25
29,755,2010-11-09
83,756,2003-10-29
38,756,2019-10-25
39,756,2010-11-09
38,757,2004-03-16
82,757,2007-11-19
43,757,2019-12-08
32,757,2003-10-29
36,757,2019-10-25
35,757,2010-11-09
14,759,2019-10-25
65,759,2010-11-09
83,760,2010-11-09
73,761,2007-11-19
55,761,2019-12-08
21,761,2003-10-29
19,761,2019-10-25
28,761,2010-11-09
6,762,2010-11-09
5,763,2003-10-29
30,763,2019-10-25
2,764,2019-12-08
51,764,2003-10-29
83,764,2019-10-25
82,764,2010-11-09
6,765,2003-10-29
49,765,2019-10-25
87,765,2010-11-09
31,766,2003-10-29
56,766,2010-11-09
13,769,2007-11-19
67,769,2019-12-08
10,769,2019-10-25
73,769,2010-11-09
72,770,2003-10-29
18,770,2019-10-25
38,771,2007-11-19
64,771,2019-12-08
80,771,2003-10-29
55,771,2019-10-25
36,771,2010-11-09
6,772,2007-11-19
81,772,2019-12-08
54,772,2003-10-29
60,772,2019-10-25
25,772,2010-11-09
16,773,2004-03-16
57,773,2007-11-19
14,773,2019-12-08
11,773,2003-10-29
27,773,2019-10-25
87,773,2010-11-09
81,774,2019-12-08
23,774,2003-10-29
87,774,2019-10-25
79,775,2003-10-29
59,775,2010-11-09
34,776,2003-10-29
26,776,2019-10-25
28,776,2010-11-09
37,777,2007-11-19
76,777,2019-12-08
30,777,2003-10-29
18,777,2010-11-09
71,778,2019-12-08
36,778,2003-10-29
52,778,2010-11-09
53,780,2019-12-08
67,780,2003-10-29
29,780,2019-10-25
68,780,2010-11-09
26,783,2007-11-19
15,783,2019-12-08
27,783,2003-10-29
53,783,2019-10-25
43,784,2019-12-08
34,784,2010-11-09
48,785,2003-10-29
81,785,2019-10-25
44,787,2019-12-08
37,787,2003-10-29
33,787,2019-10-25
80,787,2010-11-09
86,788,2007-11-19
78,788,2019-12-08
11,788,2003-10-29
16,788,2019-10-25
10,788,2010-11-09
53,790,2007-11-19
4,790,2019-12-08
46,790,2003-10-29
37,790,2019-10-25
85,790,2010-11-09
53,791,2007-11-19
44,791,2019-12-08
37,791,2003-10-29
39,791,2010-11-09
21,793,2004-03-16
48,793,2019-12-08
32,793,2003-10-29
18,793,2019-10-25
11,793,2010-11-09
27,794,2007-11-19
61,794,2019-12-08
3,794,2019-10-25
9,794,2010-11-09
42,795,2007-11-19
8,795,2019-12-08
44,795,2003-10-29
18,795,2019-10-25
45,795,2010-11-09
32,797,2019-10-25
11,797,2010-11-09
3,801,2019-12-08
44,801,2019-10-25
26,802,2004-03-16
35,802,2019-12-08
43,802,2003-10-29
57,802,2019-10-25
77,802,2010-11-09
47,803,2019-12-08
66,803,2003-10-29
19,803,2019-10-25
29,803,2010-11-09
48,804,2003-10-29
79,804,2019-10-25
36,804,2010-11-09
64,805,2019-12-08
35,805,2003-10-29
37,805,2019-10-25
28,805,2010-11-09
30,806,2019-12-08
69,806,2003-10-29
11,806,2019-10-25
50,806,2010-11-09
47,808,2019-12-08
59,808,2003-10-29
87,808,2019-10-25
46,808,2010-11-09
78,809,2007-11-19
19,809,2019-12-08
59,809,2003-10-29
2,809,2019-10-25
56,809,2010-11-09
10,810,2004-03-16
2,810,2019-12-08
13,810,2003-10-29
33,810,2019-10-25
57,810,2010-11-09
68,811,2003-10-29
69,811,2019-10-25
15,811,2010-11-09
44,812,2007-11-19
17,812,2003-10-29
5,812,2019-10-25
36,812,2010-11-09
78,813,2019-12-08
83,813,2003-10-29
47,813,2019-10-25
28,813,2010-11-09
61,814,2010-11-09
82,816,2004-03-16
63,816,2007-11-19
80,816,2003-10-29
46,816,2019-10-25
33,817,2019-12-08
87,817,2003-10-29
27,817,2019-10-25
25,817,2010-11-09
44,818,2019-10-25
56,818,2010-11-09
40,819,2019-12-08
70,819,2003-10-29
82,819,2010-11-09
23,820,2019-12-08
55,820,2003-10-29
65,820,2019-10-25
21,820,2010-11-09
25,821,2019-12-08
20,821,2003-10-29
41,821,2019-10-25
19,821,2010-11-09
15,825,2003-10-29
37,825,2019-10-25
87,825,2010-11-09
53,826,2010-11-09
46,828,2019-10-25
83,828,2010-11-09
3,829,2019-12-08
49,829,2003-10-29
35,829,2019-10-25
55,829,2010-11-09
79,830,2019-12-08
22,830,2003-10-29
52,830,2019-10-25
54,831,2019-10-25
10,831,2010-11-09
22,832,2019-12-08
40,832,2019-10-25
47,832,2010-11-09
65,833,2003-10-29
68,833,2019-10-25
33,833,2010-11-09
84,834,2004-03-16
47,834,2007-11-19
28,834,2019-12-08
6,834,2003-10-29
80,834,2019-10-25
8,834,2010-11-09
29,835,2004-03-16
85,835,2019-12-08
4,835,2003-10-29
79,835,2019-10-25
63,835,2010-11-09
65,836,2019-10-25
72,837,2007-11-19
67,837,2019-12-08
66,837,2003-10-29
47,837,2019-10-25
58,837,2010-11-09
69,838,2007-11-19
10,838,2019-12-08
46,838,2003-10-29
64,838,2019-10-25
30,838,2010-11-09
21,839,2019-12-08
47,839,2019-10-25
36,839,2010-11-09
3,840,2019-10-25
59,840,2010-11-09
41,841,2007-11-19
67,841,2019-12-08
39,841,2019-10-25
49,841,2010-11-09
58,842,2007-11-19
42,842,2019-12-08
50,842,2003-10-29
68,842,2010-11-09
15,843,2007-11-19
34,843,2019-12-08
69,843,2003-10-29
69,845,2003-10-29
42,845,2019-10-25
82,845,2010-11-09
33,847,2019-10-25
27,847,2010-11-09
18,848,2004-03-16
3,848,2007-11-19
79,848,2003-10-29
64,848,2010-11-09
3,849,2019-12-08
50,849,2003-10-29
20,849,2019-10-25
63,849,2010-11-09
63,850,2019-12-08
86,850,2003-10-29
3,850,2019-10-25
61,850,2010-11-09
62,851,2003-10-29
58,851,2010-11-09
60,852,2019-12-08
42,852,2003-10-29
58,852,2019-10-25
10,852,2010-11-09
69,853,2004-03-16
16,853,2019-12-08
32,853,2003-10-29
71,853,2019-10-25
51,853,2010-11-09
12,855,2019-12-08
16,855,2003-10-29
69,855,2019-10-25
14,855,2010-11-09
47,856,2003-10-29
59,856,2010-11-09
10,858,2019-12-08
62,858,2019-10-25
36,858,2010-11-09
41,859,2007-11-19
80,859,2019-12-08
54,859,2003-10-29
74,859,2010-11-09
49,860,2019-12-08
16,860,2003-10-29
78,860,2019-10-25
79,860,2010-11-09
18,861,2004-03-16
54,861,2007-11-19
22,861,2019-12-08
46,861,2019-10-25
82,861,2010-11-09
25,862,2019-12-08
3,862,2003-10-29
26,862,2019-10-25
51,863,2003-10-29
67,863,2019-10-25
37,863,2010-11-09
62,864,2007-11-19
26,864,2019-12-08
55,864,2003-10-29
15,864,2019-10-25
12,864,2010-11-09
37,865,2019-12-08
45,865,2003-10-29
65,865,2019-10-25
48,865,2010-11-09
16,866,2004-03-16
82,866,2007-11-19
55,866,2003-10-29
83,866,2019-10-25
28,866,2010-11-09
67,867,2007-11-19
14,867,2019-10-25
27,867,2010-11-09
44,868,2019-12-08
16,868,2003-10-29
9,868,2019-10-25
12,870,2019-12-08
52,870,2003-10-29
32,870,2019-10-25
11,870,2010-11-09
44,871,2019-12-08
86,871,2019-10-25
73,871,2010-11-09
83,872,2019-12-08
48,872,2003-10-29
66,872,2019-10-25
79,872,2010-11-09
79,874,2019-10-25
54,875,2019-10-25
45,875,2010-11-09
68,876,2019-12-08
55,876,2019-10-25
77,876,2010-11-09
49,877,2003-10-29
12,877,2019-10-25
57,877,2010-11-09
82,879,2004-03-16
3,879,2007-11-19
52,879,2019-12-08
83,879,2003-10-29
60,879,2019-10-25
65,879,2010-11-09
81,880,2007-11-19
28,880,2019-12-08
25,880,2003-10-29
54,880,2019-10-25
49,881,2019-10-25
51,881,2010-11-09
86,882,2019-12-08
76,882,2003-10-29
61,882,2019-10-25
83,882,2010-11-09
71,883,2007-11-19
8,883,2019-12-08
82,883,2003-10-29
10,883,2019-10-25
64,883,2010-11-09
58,884,2019-12-08
39,884,2003-10-29
60,884,2019-10-25
28,884,2010-11-09
54,885,2003-10-29
80,885,2019-10-25
65,885,2010-11-09
85,887,2019-12-08
24,887,2003-10-29
54,887,2019-10-25
22,887,2010-11-09
43,888,2003-10-29
75,888,2019-10-25
33,888,2010-11-09
60,889,2019-12-08
4,889,2003-10-29
17,889,2019-10-25
53,889,2010-11-09
31,890,2003-10-29
44,890,2019-10-25
83,890,2010-11-09
70,892,2019-10-25
87,892,2010-11-09
15,895,2019-12-08
31,895,2003-10-29
29,895,2019-10-25
28,895,2010-11-09
75,896,2019-10-25
7,896,2010-11-09
56,897,2019-12-08
35,897,2003-10-29
48,897,2019-10-25
34,897,2010-11-09
69,898,2019-12-08
62,898,2003-10-29
47,898,2010-11-09
28,899,2019-12-08
66,899,2003-10-29
80,899,2019-10-25
72,899,2010-11-09
64,900,2019-10-25
17,900,2010-11-09
41,902,2019-12-08
28,902,2003-10-29
31,902,2019-10-25
30,902,2010-11-09
65,903,2019-12-08
24,903,2019-10-25
47,903,2010-11-09
82,904,2019-10-25
27,905,2010-11-09
42,906,2007-11-19
9,906,2003-10-29
11,906,2010-11-09
12,908,2019-10-25
11,908,2010-11-09
77,909,2007-11-19
86,909,2019-12-08
55,909,2019-10-25
72,909,2010-11-09
17,910,2010-11-09
30,913,2019-12-08
80,913,2003-10-29
13,913,2019-10-25
49,913,2010-11-09
12,914,2019-12-08
41,914,2003-10-29
38,914,2019-10-25
80,914,2010-11-09
60,915,2019-12-08
32,915,2003-10-29
2,915,2019-10-25
49,915,2010-11-09
66,916,2007-11-19
35,916,2019-10-25
47,916,2010-11-09
46,917,2019-10-25
72,917,2010-11-09
5,918,2004-03-16
32,918,2007-11-19
46,918,2019-12-08
44,918,2003-10-29
69,918,2010-11-09
12,920,2007-11-19
61,920,2003-10-29
37,920,2019-10-25
73,920,2010-11-09
15,922,2019-12-08
26,922,2003-10-29
30,922,2019-10-25
48,922,2010-11-09
25,925,2019-12-08
50,925,2003-10-29
58,925,2019-10-25
13,925,2010-11-09
73,926,2007-11-19
18,926,2019-12-08
71,926,2003-10-29
56,926,2019-10-25
16,926,2010-11-09
53,929,2019-12-08
49,929,2019-10-25
80,929,2010-11-09
60,930,2003-10-29
20,930,2019-10-25
10,930,2010-11-09
44,931,2019-10-25
77,931,2010-11-09
42,932,2007-11-19
53,932,2019-12-08
4,932,2003-10-29
48,932,2019-10-25
12,932,2010-11-09
81,933,2003-10-29
50,933,2010-11-09
27,934,2019-12-08
22,934,2019-10-25
25,934,2010-11-09
83,935,2003-10-29
81,935,2019-10-25
5,936,2007-11-19
48,936,2019-12-08
25,936,2003-10-29
35,936,2019-10-25
9,936,2010-11-09
9,937,2019-10-25
73,937,2010-11-09
81,938,2007-11-19
42,938,2019-12-08
60,938,2003-10-29
38,938,2019-10-25
35,938,2010-11-09
57,939,2007-11-19
63,939,2019-12-08
4,939,2003-10-29
32,939,2019-10-25
12,941,2019-12-08
55,941,2003-10-29
54,941,2019-10-25
26,942,2019-10-25
18,942,2010-11-09
72,944,2019-12-08
62,944,2003-10-29
31,944,2019-10-25
3,944,2010-11-09
2,945,2010-11-09
5,946,2007-11-19
42,946,2019-12-08
51,946,2003-10-29
22,946,2019-10-25
31,946,2010-11-09
66,947,2007-11-19
7,947,2019-12-08
23,947,2003-10-29
71,947,2019-10-25
17,947,2010-11-09
12,948,2004-03-16
43,948,2003-10-29
37,948,2019-10-25
23,949,2019-12-08
84,949,2019-10-25
59,949,2010-11-09
39,950,2007-11-19
14,950,2019-12-08
27,950,2003-10-29
43,950,2019-10-25
17,950,2010-11-09
79,951,2019-12-08
15,951,2019-10-25
72,952,2003-10-29
19,952,2019-10-25
47,952,2010-11-09
20,954,2007-11-19
11,954,2019-12-08
12,954,2003-10-29
18,954,2010-11-09
58,955,2007-11-19
41,955,2019-12-08
35,955,2019-10-25
4,955,2010-11-09
86,956,2019-12-08
19,956,2003-10-29
21,956,2019-10-25
74,956,2010-11-09
5,957,2004-03-16
72,957,2007-11-19
15,957,2019-12-08
31,957,2003-10-29
30,957,2019-10-25
74,958,2003-10-29
65,958,2019-10-25
16,958,2010-11-09
48,959,2019-10-25
50,959,2010-11-09
36,960,2007-11-19
75,960,2019-12-08
52,960,2003-10-29
10,960,2019-10-25
18,960,2010-11-09
50,961,2019-10-25
64,961,2010-11-09
65,962,2007-11-19
56,962,2019-10-25
35,962,2010-11-09
74,965,2007-11-19
44,965,2003-10-29
78,965,2019-10-25
64,965,2010-11-09
81,966,2019-12-08
65,966,2019-10-25
63,966,2010-11-09
71,968,2003-10-29
4,968,2019-10-25
83,968,2010-11-09
14,973,2007-11-19
30,973,2019-12-08
27,973,2003-10-29
57,973,2010-11-09
46,976,2007-11-19
40,976,2019-12-08
71,976,2003-10-29
50,976,2019-10-25
61,976,2010-11-09
42,977,2007-11-19
53,977,2019-12-08
40,977,2003-10-29
14,977,2019-10-25
68,977,2010-11-09
13,978,2019-12-08
17,978,2003-10-29
46,978,2019-10-25
56,978,2010-11-09
25,979,2003-10-29
26,979,2019-10-25
35,979,2010-11-09
61,980,2004-03-16
56,980,2007-11-19
53,980,2019-12-08
4,980,2003-10-29
33,980,2019-10-25
65,980,2010-11-09
70,981,2019-12-08
63,981,2003-10-29
83,981,2019-10-25
13,981,2010-11-09
81,982,2003-10-29
83,982,2019-10-25
73,982,2010-11-09
12,983,2007-11-19
20,983,2019-12-08
35,983,2003-10-29
71,983,2010-11-09
39,984,2007-11-19
18,984,2019-12-08
29,984,2003-10-29
30,984,2010-11-09
44,985,2019-12-08
77,985,2003-10-29
54,985,2019-10-25
63,985,2010-11-09
47,986,2007-11-19
43,986,2003-10-29
85,986,2010-11-09
40,987,2007-11-19
61,987,2019-10-25
30,987,2010-11-09
8,988,2007-11-19
42,988,2003-10-29
39,988,2019-10-25
49,988,2010-11-09
64,989,2004-03-16
3,989,2019-12-08
27,989,2003-10-29
57,989,2019-10-25
82,989,2010-11-09
39,990,2007-11-19
6,990,2019-12-08
41,990,2003-10-29
27,990,2019-10-25
22,990,2010-11-09
42,991,2019-12-08
30,991,2019-10-25
69,991,2010-11-09
34,992,2007-11-19
67,992,2019-12-08
50,992,2003-10-29
38,992,2019-10-25
14,992,2010-11-09
18,993,2003-10-29
73,993,2019-10-25
53,994,2003-10-29
76,994,2010-11-09
51,995,2019-12-08
53,995,2003-10-29
21,995,2019-10-25
15,995,2010-11-09
43,996,2007-11-19
79,996,2003-10-29
84,996,2019-10-25
62,997,2019-10-25
30,998,2019-12-08
37,998,2003-10-29
13,998,2019-10-25
20,998,2010-11-09
72,999,2007-11-19
84,999,2003-10-29
36,999,2019-10-25
50,999,2010-11-09
